latitude,longitude,pass_type,brightness_temp_19v
35.25,-0.0,descending,191.25
35.5,-0.0,descending,190.79001
35.75,-0.0,descending,191.4
36.0,-0.0,descending,193.5
36.25,-0.0,descending,197.315
36.5,-0.0,descending,199.68
36.75,-0.0,descending,200.57999
37.0,-0.0,descending,199.12
37.25,-0.0,descending,194.95499
37.5,-0.0,descending,192.31999
37.75,-0.0,descending,190.70999
38.0,-0.0,descending,189.9
38.25,-0.0,descending,187.745
38.5,-0.0,descending,186.475
38.75,-0.0,descending,185.62
39.0,-0.0,descending,186.16
39.25,-0.0,descending,187.25667
39.5,-0.0,descending,186.9
39.75,-0.0,descending,187.64
40.0,-0.0,descending,189.285
40.25,-0.0,descending,189.36499
40.5,-0.0,descending,189.98999
40.75,-0.0,descending,190.67
41.0,-0.0,descending,191.35999
41.25,-0.0,descending,191.4
41.5,-0.0,descending,191.06999
41.75,-0.0,descending,190.58499
42.0,-0.0,descending,191.04999
42.25,-0.0,descending,191.79999
42.5,-0.0,descending,191.87
42.75,-0.0,descending,190.87
43.0,-0.0,descending,189.28
43.25,-0.0,descending,187.9
43.5,-0.0,descending,186.63
43.75,-0.0,descending,185.76999
44.0,-0.0,descending,185.12
44.25,-0.0,descending,184.59999
44.5,-0.0,descending,184.3
44.75,-0.0,descending,183.69
45.0,-0.0,descending,182.79
45.25,-0.0,descending,182.14
45.5,-0.0,descending,182.03
45.75,-0.0,descending,182.06
46.0,-0.0,descending,181.83499
46.25,-0.0,descending,181.57
46.5,-0.0,descending,181.41
46.75,-0.0,descending,181.305
47.0,-0.0,descending,181.31
47.25,-0.0,descending,181.165
47.5,-0.0,descending,180.67499
47.75,-0.0,descending,180.33
48.0,-0.0,descending,180.07498
48.25,-0.0,descending,179.75
48.5,-0.0,descending,179.625
48.75,-0.0,descending,179.72
49.0,-0.0,descending,180.04498
49.25,-0.0,descending,180.315
49.5,-0.0,descending,180.385
49.75,-0.0,descending,180.34999
50.0,-0.0,descending,180.14499
50.25,-0.0,descending,180.225
50.5,-0.0,descending,180.31
50.75,-0.0,descending,179.905
51.0,-0.0,descending,179.505
51.25,-0.0,descending,179.2
51.5,-0.0,descending,179.12
51.75,-0.0,descending,179.87999
52.0,-0.0,descending,180.945
52.25,-0.0,descending,182.04001
52.5,-0.0,descending,182.01
52.75,-0.0,descending,181.89499
53.0,-0.0,descending,181.625
53.25,-0.0,descending,181.19499
53.5,-0.0,descending,180.60999
53.75,-0.0,descending,180.20999
54.0,-0.0,descending,180.50499
54.25,-0.0,descending,181.01
54.5,-0.0,descending,181.29999
54.75,-0.0,descending,181.55
55.0,-0.0,descending,181.72
55.25,-0.0,descending,181.63
55.5,-0.0,descending,181.62
55.75,-0.0,descending,181.465
56.0,-0.0,descending,180.82
56.25,-0.0,descending,179.93
56.5,-0.0,descending,179.255
56.75,-0.0,descending,178.72
57.0,-0.0,descending,178.45
57.25,-0.0,descending,178.76498
57.5,-0.0,descending,179.695
57.75,-0.0,descending,180.53
58.0,-0.0,descending,180.62
58.25,-0.0,descending,179.98999
58.75,-0.0,descending,179.48999
59.0,-0.0,descending,179.26
59.25,-0.0,descending,179.09
59.5,-0.0,descending,179.08
59.75,-0.0,descending,179.26
60.25,-0.0,descending,179.29999
60.5,-0.0,descending,179.2
60.75,-0.0,descending,179.38
61.0,-0.0,descending,180.005
61.25,-0.0,descending,180.035
61.5,-0.0,descending,179.51999
61.75,-0.0,descending,179.60999
62.25,-0.0,descending,180.31999
62.5,-0.0,descending,183.26999
62.75,-0.0,descending,195.17
63.0,-0.0,descending,206.76999
63.25,-0.0,descending,209.04
63.5,-0.0,descending,205.775
63.75,-0.0,descending,202.57999
64.0,-0.0,descending,198.87
