latitude,longitude,pass_type,brightness_temp_37v
54.0,0.0,ascending,207.2
55.75,0.0,ascending,209.32999
57.0,0.0,ascending,206.85
58.0,0.0,ascending,206.13998
58.75,0.0,ascending,205.84
59.25,0.0,ascending,205.63998
59.5,0.0,ascending,205.54999
60.0,0.0,ascending,206.23999
60.25,0.0,ascending,206.35999
60.5,0.0,ascending,206.44499
60.75,0.0,ascending,206.685
61.0,0.0,ascending,207.03
61.25,0.0,ascending,207.17499
61.5,0.0,ascending,207.01
61.75,0.0,ascending,206.73
62.0,0.0,ascending,207.93
62.75,0.0,ascending,229.6
63.0,0.0,ascending,231.93999
63.5,0.0,ascending,228.73
63.75,0.0,ascending,223.29999
64.0,0.0,ascending,214.34
