TIMESTAMP_START;AMF_US-Aud_BASE-BADM_4-1;AMF_US-Bkg_BASE-BADM_4-1;AMF_US-Blk_BASE-BADM_2-1;AMF_US-Bo1_BASE-BADM_2-1;AMF_US-Bo2_BASE-BADM_2-1;AMF_US-Dk3_BASE-BADM_4-5;AMF_US-FPe_BASE-BADM_2-1;AMF_US-MMS_BASE-BADM_25-5;AMF_US-MOz_BASE-BADM_11-5;FLX_DE-Geb_FLUXNET2015_FULLSET_2001-2014_1-4;FLX_DE-Hai_FLUXNET2015_FULLSET_2000-2012_1-4;FLX_FR-LBr_FLUXNET2015_FULLSET_1996-2008_1-4;FLX_IT-Col_FLUXNET2015_FULLSET_1996-2014_1-4;FLX_NL-Loo_FLUXNET2015_FULLSET_1996-2014_1-4
01/01/2005;2.803.225;271.09;2.680.325;274.03;261.15;28.121.124.999.999.900;2.666.975;280.22;281.820.125;27.736.499.999.999.900;275.485;282.455;27.401.325;278.782
02/01/2005;281.54;270.75;2.656.625;281.005;2.655.975;282.051;266.775;280.77;282.34;277.905;276.23;2.830.325;27.399.175;278.968
03/01/2005;2.812.625;;265.38;2.789.775;;2.826.195;266.39;283.32;281.266;274.595;27.480.499.999.999.900;281.755;27.397.799.999.999.900;2.789.425
04/01/2005;2.811.075;27.017.749.999.999.900;2.661.425;2.773.075;;28.306.924.999.999.900;2.666.525;283.89;2.798.055;277.085;275.61;27.999.249.999.999.900;27.396.725;2.790.925
05/01/2005;2.764.225;267.65;26.873.749.999.999.900;277.245;;28.379.524.999.999.900;265.45;281.14;27.846.085;276.44;2.754.775;2.817.975;27.395.925;279.215
06/01/2005;275.54;268.475;2.685.875;274.41;;28.418.375;264.87;278.02;2.767.506;2.765.625;275.705;282.4;273.955;2.792.215
07/01/2005;275.67;268.73;268.985;274.27;260.19;28.457.325;2.660.125;276.62;27.537.125;276.23;2.757.625;283.36;273.957;2.793.635
08/01/2005;2.780.175;269.28;269.035;2.742.925;;28.449.525;2.663.525;276.41;2.758.437;2.795.775;277.48;28.142.749.999.999.900;273.991;2.798.155
09/01/2005;2.797.625;2.701.225;27.086.249.999.999.900;2.743.325;2.606.475;2.849.585;266.765;276.41;27.614.435;2.744.975;276.235;282.79;27.400.025;279.612
10/01/2005;281.21;269.19;270.35;274.235;2.609.775;2.843.615;2.653.725;277.26;27.722.305;276.245;276.145;28.111.499.999.999.900;27.400.875;27.979.999.999.999.900
11/01/2005;2.816.425;2.694.475;27.011.499.999.999.900;275.525;;28.402.075;264.695;277.96;27.795.605;2.744.675;2.769.075;2.805.975;274.017;27.983.825
12/01/2005;281.765;2.709.975;271.45;2.787.525;264.11;2.838.895;264.715;28.154.999.999.999.900;278.234;2.769.825;27.723.749.999.999.900;280.895;27.402.425;28.005.425
13/01/2005;276.04;270.65;2.686.975;2.857.525;2.699.125;2.842.985;2.654.175;283.59;28.054.305;275.165;276.715;282.44;274.03;27.982.025
14/01/2005;277.475;2.684.325;266.92;2.749.075;;285.407;26.392.749.999.999.900;280.02;2.760.259;273.44;275.38;281.12;2.740.355;279.599
15/01/2005;276.85;267.785;2.671.625;274.42;;2.857.035;2.633.825;276.53;2.748.166;2.741.475;275.015;2.801.525;27.403.825;2.794.095
16/01/2005;277.475;2.677.025;266.27;274.25;;28.436.249.999.999.900;26.273.749.999.999.900;275.81;27.460.855;270.345;274.015;280.645;27.403.925;2.791.315
17/01/2005;278.36;2.674.525;270.09;27.330.249.999.999.900;;2.834.715;262.765;275.89;27.444.665;269.47;273.585;2.802.675;27.403.825;27.899.375
18/01/2005;279.295;26.855.499.999.999.900;270.765;2.726.925;;28.232.225;264.61;27.523.999.999.999.900;2.742.888;272.905;273.825;281.98;274.036;27.917.625
19/01/2005;27.942.999.999.999.900;2.723.275;273.045;2.721.975;;281.152;270.17;274.66;27.433.725;273.065;27.448.749.999.999.900;281.025;27.401.725;27.908.525
20/01/2005;279.975;271.26;273.795;272.85;259.775;28.035.125;2.691.025;274.97;2.746.056;2.740.375;274.37;2.830.175;274.011;27.903.175
21/01/2005;283.415;27.123.999.999.999.900;273.04;2.727.025;2.694.375;28.038.125;26.842.749.999.999.900;275.34;2.760.175;2.766.425;2.759.975;283.2;27.400.199.999.999.900;27.920.874.999.999.900
22/01/2005;2.795.125;2.685.425;2.686.675;271.855;2.687.125;28.027.525;2.667.575;274.75;27.685.250.025;2.735.125;274.435;2.833.375;27.398.775;279.129
23/01/2005;280.265;2.680.325;2.718.275;2.713.825;2.681.725;279.982;2.664.975;274.98;2.744.975;273.195;27.442.499.999.999.900;2.832.975;27.398.025;27.869.775
24/01/2005;2.811.675;2.693.475;274.21;271.945;2.688.175;27.933.075;2.686.725;274.5;27.433.624.999.999.900;2.731.025;274.4;2.811.625;273.964;278.494
25/01/2005;278.855;271.87;2.727.075;2.719.625;2.697.525;27.885.175;273.08;274.48;2.751.525;2.727.125;274.36;2.797.525;273.959;27.838.475
26/01/2005;2.827.125;273.645;2.709.625;2.736.575;2.697.025;27.921.025;27.311.249.999.999.900;274.71;27.655.195;2.728.125;274.33;2.788.075;273.955;278.193
27/01/2005;2.815.175;2.705.075;271.14;272.83;2.690.675;279.862;2.726.975;274.96;2.764.122;272.15;274.29;278.25;27.394.924.999.999.900;27.813.225
28/01/2005;279.78;271.54;273.08;267.5;2.656.425;2.797.895;271.53;274.19;27.525.465;271.2;274.235;2.774.625;27.393.825;27.818.775
29/01/2005;278.73;272.265;2.721.975;2.720.175;268.62;279.133;2.706.375;274.11;27.540.525;271.995;274.19;279.455;273.933;27.803.574.999.999.900
30/01/2005;2.766.975;272.295;270.69;2.730.075;269.54;27.879.825;270.5;274.39;27.562.994.999.999.900;272.1;27.417.749.999.999.900;2.786.025;273.923;2.781.015
31/01/2005;276.785;2.728.325;2.708.475;2.726.575;268.58;27.865.975;271.64;274.67;27.569.665;27.267.749.999.999.900;274.17;2.789.175;27.391.799.999.999.900;2.782.925
01/02/2005;277.785;273.255;268.06;272.84;2.687.975;278.722;2.724.975;27.479.999.999.999.900;27.593.755;272.975;274.075;2.799.725;2.739.105;27.850.199.999.999.900
02/02/2005;2.783.725;2.729.475;27.023.999.999.999.900;272.655;2.682.475;278.795;2.727.275;27.467.999.999.999.900;27.583.555;2.729.325;274.07;2.802.825;273.9;27.850.525
03/02/2005;2.776.575;2.730.325;273.635;2.729.175;26.898.999.999.999.900;278.867;272.595;274.75;27.582.795;2.749.825;274.07;280.435;273.897;2.785.465
04/02/2005;2.791.325;27.386.499.999.999.900;2.730.675;2.731.725;2.692.975;27.884.775;27.236.249.999.999.900;275.13;2.758.425;273.12;274.03;27.980.249.999.999.900;2.738.835;27.859.824.999.999.900
05/02/2005;277.42;27.392.499.999.999.900;273.41;2.734.175;2.697.275;279.054;27.261.249.999.999.900;27.598.999.999.999.900;27.699.519.999.999.900;2.714.575;274.02;279.12;273.881;2.785.275
06/02/2005;2.793.475;273.96;272.015;27.386.749.999.999.900;2.697.275;2.793.945;2.656.875;277.04;2.782.952;268.51;27.342.999.999.999.900;279.57;273.879;2.783.785
07/02/2005;2.785.825;270.86;2.707.325;2.766.575;2.706.625;27.960.299.999.999.900;260.875;27.842.999.999.999.900;2.795.411;2.677.875;273.135;2.798.875;273.871;2.782.205
08/02/2005;27.917.749.999.999.900;269.075;2.701.625;276.39;271.16;279.851;2.608.475;278.96;27.794.305;266.315;27.292.499.999.999.900;2.796.675;2.738.645;27.804.475
09/02/2005;280.015;2.708.525;2.697.575;274.25;269.935;28.069.825;263.485;278.19;27.675.665;270.045;2.729.975;2.798.225;27.385.825;278.053
10/02/2005;281.71;2.695.275;269.475;2.738.375;269.955;2.813.815;266.86;276.67;2.760.489;27.142.749.999.999.900;27.305.249.999.999.900;279.46;273.857;27.803.125
11/02/2005;2.819.575;27.061.749.999.999.900;269.035;2.732.225;26.998.749.999.999.900;2.812.465;2.690.375;275.78;2.753.158;275.95;27.311.749.999.999.900;2.802.825;27.385.049.999.999.900;27.839.175
12/02/2005;281.855;271.495;2.713.425;273.35;269.97;28.049.825;26.961.749.999.999.900;275.78;2.762.811;273.86;273.17;28.286.249.999.999.900;273.844;278.496
13/02/2005;279.835;273.635;273.525;276.7;27.192.749.999.999.900;28.037.375;272.155;277.1;27.967.385;27.517.499.999.999.900;2.742.325;2.829.175;273.836;27.869.449.999.999.900
14/02/2005;280.155;273.91;2.717.625;282.105;27.630.499.999.999.900;28.079.075;27.267.749.999.999.900;279.19;2.802.308;273.145;273.845;280.605;273.831;27.843.925
15/02/2005;283.5;27.398.999.999.999.900;27.042.499.999.999.900;278.835;2.740.625;2.814.135;270.02;278.59;2.812.116;272.87;2.737.775;280.31;27.381.975;27.821.525
16/02/2005;283.315;2.731.325;2.653.825;2.767.625;2.731.425;28.187.474.999.999.900;2.662.875;280.58;28.056.895;2.729.675;2.737.475;279.095;273.804;27.802.525
17/02/2005;2.843.275;26.999.249.999.999.900;264.355;2.744.075;270.64;28.235.475;26.667.749.999.999.900;27.767.999.999.999.900;2.786.924;2.729.775;27.373.999.999.999.900;2.788.875;2.737.825;27.789.525
18/02/2005;2.836.475;270.12;264.58;2.741.325;270.26;281.916;2.682.175;276.0;2.779.893;2.726.725;2.736.975;278.645;273.767;27.785.375
19/02/2005;2.815.175;27.061.499.999.999.900;266.255;273.125;2.700.325;2.811.805;26.542.999.999.999.900;275.56;2.775.681;272.565;273.53;2.788.275;273.757;27.779.975
20/02/2005;28.180.499.999.999.900;271.56;2.703.375;27.386.499.999.999.900;269.94;28.084.075;26.623.749.999.999.900;276.0;2.779.453;272.78;273.645;2.795.225;27.373.875;27.784.475
21/02/2005;280.195;271.095;267.66;277.81;273.01;28.090.725;263.815;278.98;28.076.975;2.728.425;273.705;2.780.425;273.729;2.777.085
22/02/2005;2.817.725;2.723.375;2.685.575;275.35;2.716.425;28.150.275;2.657.275;277.53;2.797.851;272.51;273.73;277.715;27.371.775;277.657
23/02/2005;2.810.775;269.705;2.686.425;273.39;270.345;28.193.925;2.672.725;276.81;27.908.665;272.625;273.705;2.773.525;2.737.075;27.747.025
24/02/2005;279.92;27.248.749.999.999.900;26.673.999.999.999.900;273.9;270.345;282.011;2.691.725;276.5;27.822.115;272.395;273.73;277.105;2.736.945;2.773.945
25/02/2005;2.802.675;2.718.425;268.965;27.480.249.999.999.900;2.712.675;28.137.775;270.795;276.1;2.776.819;271.135;273.695;276.88;27.367.999.999.999.900;27.718.949.999.999.900
26/02/2005;282.225;2.717.275;2.694.075;2.743.225;271.27;28.092.075;2.717.475;276.63;27.860.475;2.728.925;2.737.075;277.975;27.367.024.999.999.900;27.725.175
27/02/2005;281.33;273.56;2.702.825;2.740.725;270.67;28.066.325;272.585;276.62;27.949.105;272.92;273.71;2.781.275;273.66;27.719.674.999.999.900
28/02/2005;2.804.025;2.710.125;265.975;2.763.525;2.723.575;2.806.255;2.697.225;277.52;27.949.885;271.95;2.736.975;2.770.475;27.365.225;277.005
01/03/2005;281.745;26.905.249.999.999.900;26.573.999.999.999.900;273.66;270.33;280.102;268.735;276.14;2.768.158;2.721.725;273.67;2.761.275;273.648;2.769.115
02/03/2005;2.827.575;270.625;269.375;273.25;27.011.249.999.999.900;27.992.225;272.035;275.87;2.760.882;27.155.499.999.999.900;2.736.375;2.756.975;2.736.435;27.688.275
03/03/2005;283.01;271.17;269.2;2.722.975;26.986.749.999.999.900;27.965.625;272.835;274.97;277.001;2.713.275;273.58;277.03;273.637;277.021
04/03/2005;283.165;272.83;269.825;27.354.999.999.999.900;2.698.825;2.794.665;273.1;27.504.999.999.999.900;27.875.995;272.385;273.595;2.771.875;2.736.265;27.700.775
05/03/2005;2.843.125;273.88;2.704.425;275.38;2.719.825;2.795.665;273.125;277.31;2.800.792;2.724.125;273.63;2.778.175;27.361.775;276.846
06/03/2005;282.515;2.739.825;2.719.375;273.66;270.545;28.002.925;273.265;276.65;27.921.205;272.225;273.64;2.780.775;27.361.175;27.694.875
07/03/2005;2.803.375;274.0;272.42;2.810.975;275.58;28.022.275;2.747.625;278.57;28.163.015;2.710.925;273.62;2.772.275;273.611;27.668.625
08/03/2005;28.204.999.999.999.900;2.739.825;2.728.275;2.737.975;2.710.425;28.091.225;274.415;278.28;2.790.629;2.726.875;273.6;2.771.675;27.360.725;2.768.945
09/03/2005;283.5;273.505;272.165;2.724.375;270.155;28.092.575;2.741.025;275.94;2.788.304;27.298.749.999.999.900;273.63;278.435;27.360.299.999.999.900;276.578
10/03/2005;284.33;273.94;2.725.175;271.165;2.697.325;28.042.075;274.125;275.58;2.770.591;272.7;273.63;278.86;273.598;277.035
11/03/2005;285.845;2.736.525;2.718.225;2.739.375;269.89;28.027.124.999.999.900;2.740.825;275.44;27.888.469.999.999.900;27.199.249.999.999.900;2.736.225;278.575;273.596;27.713.525
12/03/2005;287.5;273.64;27.511.249.999.999.900;275.035;270.59;28.047.799.999.999.900;277.73;275.58;27.955.839.999.999.900;272.985;2.736.275;2.778.975;273.593;27.705.525
13/03/2005;287.035;2.729.225;271.905;272.03;2.697.975;2.807.085;274.59;275.62;27.936.265;272.985;27.361.749.999.999.900;2.780.625;273.59;27.764.525
14/03/2005;2.871.675;272.53;27.223.749.999.999.900;271.755;269.645;281.342;272.995;27.517.999.999.999.900;2.771.829;27.292.749.999.999.900;273.6;2.786.325;273.589;2.766.115
15/03/2005;;27.224.249.999.999.900;27.117.999.999.999.900;271.395;2.697.275;28.111.525;273.17;275.53;27.774.395;2.735.325;273.59;279.835;273.588;27.661.125
16/03/2005;28.224.249.999.999.900;272.475;270.66;272.4;2.701.425;280.944;272.08;275.82;27.828.345;276.025;273.57;2.815.575;273.586;28.178.225
17/03/2005;28.167.749.999.999.900;2.725.625;2.720.225;2.726.475;270.785;280.726;27.236.499.999.999.900;276.69;27.838.095;278.545;273.5;2.819.725;273.585;281.537
18/03/2005;285.47;27.348.749.999.999.900;2.711.575;2.744.975;27.179.999.999.999.900;28.012.875;272.785;277.5;27.935.085;2.832.075;274.47;2.829.475;273.583;2.816.035
19/03/2005;2.856.975;27.304.999.999.999.900;2.702.225;280.1;2.751.025;280.392;27.292.999.999.999.900;278.85;27.995.555;2.820.575;2.779.525;283.005;273.581;2.817.245
20/03/2005;2.849.475;273.475;2.706.225;2.753.725;272.635;28.075.725;273.16;27.823.999.999.999.900;2.786.084;273.87;27.536.249.999.999.900;2.831.875;273.577;2.815.565
21/03/2005;283.795;27.386.499.999.999.900;272.38;2.731.025;27.155.249.999.999.900;28.134.275;273.185;277.76;27.983.495;27.161.749.999.999.900;274.34;2.837.225;2.735.665;281.575
22/03/2005;2.833.875;273.91;272.4;274.35;272.54;28.154.475;273.19;27.798.999.999.999.900;2.799.942;2.715.275;2.741.625;284.56;27.354.825;28.200.825
23/03/2005;2.859.675;273.97;2.720.025;27.673.749.999.999.900;273.13;281.826;273.195;278.09;27.888.559.999.999.900;278.695;2.767.475;283.935;27.352.849.999.999.900;2.814.125
24/03/2005;2.851.925;274.0;272.745;274.875;2.720.825;28.282.525;2.732.225;27.742.999.999.999.900;27.873.319.999.999.900;276.35;2.779.725;28.486.249.999.999.900;27.350.449.999.999.900;2.816.075
25/03/2005;2.862.175;2.740.025;272.225;277.775;;283.081;273.635;279.25;2.797.831;27.692.499.999.999.900;27.855.249.999.999.900;2.840.125;273.458;281.635
26/03/2005;2.843.725;274.005;272.375;276.855;2.733.925;28.301.725;273.45;279.15;27.962.975;2.809.675;2.783.175;2.845.475;273.41;28.176.675
27/03/2005;2.825.475;274.01;272.37;;;282.862;2.758.325;279.5;27.935.545;2.802.625;278.605;2.843.325;27.340.599.999.999.900;28.175.924.999.999.900
28/03/2005;285.255;274.02;2.734.475;276.435;2.735.025;28.306.275;2.790.325;278.84;2.798.094;2.825.725;279.72;283.545;2.733.415;281.743
29/03/2005;286.86;2.751.275;27.279.999.999.999.900;;;28.401.375;2.793.175;279.72;281.533;280.545;278.955;28.399.249.999.999.900;27.337.525;282.003
30/03/2005;285.34;27.692.499.999.999.900;2.710.325;;;284.314;276.755;281.56;28.434.099.999.999.900;27.904.999.999.999.900;278.89;2.840.575;27.337.949.999.999.900;28.179.725
31/03/2005;284.795;2.747.325;272.145;;;28.466.975;278.69;284.12;283.673;2.735.075;2.775.775;28.286.249.999.999.900;2.733.535;2.816.155
01/04/2005;2.837.475;2.743.125;2.704.725;;;28.483.575;275.515;282.26;283.798;27.242.499.999.999.900;2.765.125;2.826.225;27.335.575;281.706
02/04/2005;28.442.749.999.999.900;27.417.749.999.999.900;273.77;;;28.512.275;2.797.025;281.12;2.819.975;272.095;27.654.999.999.999.900;28.373.749.999.999.900;273.369;28.181.175
03/04/2005;28.883.025;2.743.875;272.485;;;2.851.985;2.816.325;280.56;281.818;272.545;277.205;2.842.225;2.733.755;28.185.675
04/04/2005;2.874.475;27.798.749.999.999.900;2.746.275;;;2.847.195;2.828.725;281.56;2.849.625;274.91;2.783.775;284.745;27.337.775;2.817.695
05/04/2005;2.867.675;2.790.975;2.779.325;2.818.275;2.781.825;2.849.785;2.841.825;283.58;286.177;2.771.075;2.792.925;285.155;273.369;28.200.475
06/04/2005;2.862.175;2.791.875;27.330.249.999.999.900;2.858.825;280.76;28.535.025;281.47;28.473.999.999.999.900;2.873.695;2.760.275;2.785.825;2.839.625;27.337.699.999.999.900;281.854
07/04/2005;288.07;277.965;2.730.325;283.625;279.72;28.583.624.999.999.900;2.818.075;284.56;287.544;282.88;2.798.975;2.853.975;27.338.275;2.816.205
08/04/2005;291.065;279.16;279.385;279.63;276.935;28.634.025;284.28;284.31;2.841.495;279.885;279.47;284.21;27.337.675;2.817.105
09/04/2005;2.884.475;2.809.725;276.62;279.42;277.275;28.677.875;2.867.875;283.9;286.013;278.785;27.880.499.999.999.900;281.985;273.357;28.188.225
10/04/2005;28.498.749.999.999.900;2.824.675;2.727.025;285.235;2.803.775;28.658.525;2.832.875;284.98;2.879.315;2.730.675;2.766.025;2.809.025;273.253;281.838
11/04/2005;284.97;2.830.675;2.723.275;28.855.499.999.999.900;2.831.275;286.33;2.770.825;286.69;289.104;27.767.999.999.999.900;277.765;282.67;2.732.615;28.184.725
12/04/2005;286.775;281.655;271.575;288.04;28.323.749.999.999.900;286.616;2.795.325;287.35;287.508;277.415;278.4;2.830.675;27.327.374.999.999.900;281.94
13/04/2005;2.891.525;280.73;2.715.175;28.048.749.999.999.900;2.777.225;286.226;2.812.575;285.35;2.863.535;27.736.749.999.999.900;279.19;283.35;2.732.775;2.815.375
14/04/2005;2.908.475;280.48;2.778.275;2.771.875;2.751.875;28.538.199.999.999.900;284.095;283.23;285.177;2.792.975;27.967.749.999.999.900;282.44;27.327.725;281.46
15/04/2005;2.913.375;281.435;2.747.325;2.773.325;275.535;28.524.075;2.805.575;284.02;285.547;281.19;28.042.749.999.999.900;283.03;27.326.174.999.999.900;2.819.025
16/04/2005;2.917.625;282.585;2.722.575;279.08;27.711.749.999.999.900;285.083;;28.442.999.999.999.900;286.634;28.149.249.999.999.900;2.809.725;28.249.249.999.999.900;27.325.125;282.14
17/04/2005;2.918.225;283.085;2.767.975;28.298.999.999.999.900;279.845;28.485.725;;285.59;287.852;2.836.475;28.174.249.999.999.900;2.820.975;273.272;281.83
18/04/2005;291.915;285.685;279.955;284.455;2.810.775;28.487.699.999.999.900;2.868.525;286.52;288.483;281.605;281.645;2.835.325;2.732.835;282.025
19/04/2005;2.906.925;2.859.025;281.31;2.857.025;282.25;285.339;2.845.975;287.32;289.251;2.847.475;2.825.075;2.828.225;27.328.799.999.999.900;2.823.475
20/04/2005;290.645;28.611.249.999.999.900;2.745.175;290.445;;28.591.975;2.807.875;287.33;28.992.499.999.999.900;2.813.425;2.817.475;28.254.999.999.999.900;273.28;2.821.675
21/04/2005;289.575;28.423.749.999.999.900;2.751.475;2.850.725;;28.650.225;283.065;287.84;289.12;2.745.475;2.791.025;2.830.925;27.328.675;282.03
22/04/2005;29.086.249.999.999.900;2.832.525;273.46;285.655;2.810.025;28.700.075;2.817.325;286.29;28.875.449.999.999.900;2.747.575;278.295;2.839.325;27.328.975;2.819.075
23/04/2005;2.921.025;2.791.975;272.285;280.335;276.595;28.724.025;2.806.575;285.75;285.293;2.762.775;278.91;2.846.475;273.286;281.885
24/04/2005;2.916.575;2.790.125;2.727.475;2.750.575;2.720.125;28.708.325;2.808.375;281.7;283.222.625;279.135;2.797.925;285.15;273.282;28.204.999.999.999.900
25/04/2005;284.995;2.810.425;274.44;276.375;273.445;28.595.075;2.817.675;281.82;283.791;28.267.749.999.999.900;280.75;2.842.975;27.327.575;2.823.275
26/04/2005;287.16;280.505;273.07;281.945;2.777.025;2.856.845;2.826.625;28.329.999.999.999.900;283.669;2.815.225;2.800.675;28.417.499.999.999.900;27.326.575;282.475
27/04/2005;28.926.025;2.788.225;27.205.249.999.999.900;278.395;275.085;28.560.299.999.999.900;281.155;282.26;2.834.985;280.6;2.802.675;285.22;27.324.825;282.455
28/04/2005;2.901.225;27.717.999.999.999.900;271.1;2.786.675;2.751.975;28.584.025;2.787.225;282.1;284.791;278.685;280.22;28.548.999.999.999.900;27.324.225;2.826.325
29/04/2005;2.891.275;2.781.075;2.723.225;281.29;27.717.999.999.999.900;2.857.695;2.783.775;28.267.999.999.999.900;28.396.349.999.999.900;279.945;2.809.825;28.580.499.999.999.900;273.222;28.280.499.999.999.900
30/04/2005;286.64;2.777.025;2.708.425;280.98;2.768.575;2.860.015;2.768.975;283.02;282.71;2.842.225;281.995;287.145;27.320.149.999.999.900;283.245
01/05/2005;290.345;27.823.999.999.999.900;2.710.075;2.768.525;274.155;28.655.775;2.767.175;282.45;282.98;284.89;2.828.775;2.879.325;2.731.885;28.348.749.999.999.900
02/05/2005;289.665;2.779.075;2.708.525;27.711.749.999.999.900;273.875;28.659.525;278.39;282.28;282.85;2.865.925;28.455.499.999.999.900;2.882.525;27.317.999.999.999.900;28.429.999.999.999.900
03/05/2005;29.011.249.999.999.900;2.770.975;2.715.375;27.548.999.999.999.900;2.727.225;28.627.525;2.748.975;281.27;2.830.945;2.871.025;285.06;287.84;273.307;2.844.775
04/05/2005;291.875;2.781.625;2.725.825;2.768.475;2.737.875;2.860.945;27.836.749.999.999.900;281.41;2.832.825;28.667.749.999.999.900;284.435;2.863.825;27.835.725;284.415
05/05/2005;294.155;282.01;2.730.725;2.814.475;27.711.749.999.999.900;28.602.975;2.836.025;28.273.999.999.999.900;2.846.635;2.860.075;28.349.249.999.999.900;285.81;2.797.775;2.842.475
06/05/2005;2.930.775;282.475;2.765.025;28.311.749.999.999.900;278.62;285.919;285.585;283.6;28.587.699.999.999.900;28.342.749.999.999.900;28.211.249.999.999.900;2.851.575;278.524;284.0
07/05/2005;2.893.775;2.858.275;28.005.249.999.999.900;28.805.249.999.999.900;2.823.825;28.550.825;286.59;284.58;2.878.425;2.811.575;281.215;2.850.775;27.766.425;2.839.025
08/05/2005;28.913.525;2.863.725;2.771.975;288.025;282.77;285.756;2.861.275;286.12;2.892.085;2.797.475;279.965;28.505.499.999.999.900;27.853.425;28.354.999.999.999.900
09/05/2005;2.912.625;2.868.275;277.205;2.904.625;284.88;28.623.825;2.837.825;287.1;288.833;2.810.625;279.755;284.71;279.119;283.21
10/05/2005;2.925.025;2.859.625;2.794.225;28.935.774.999.999.900;2.839.325;28.649.575;283.35;287.5;28.929.999.999.999.900;279.535;279.21;2.856.825;27.956.175;283.075
11/05/2005;2.913.975;284.755;277.045;292.19;2.867.625;28.683.325;280.735;288.25;29.163.199.999.999.900;27.898.749.999.999.900;27.948.999.999.999.900;2.854.575;27.942.575;283.025
12/05/2005;2.903.725;2.819.625;2.744.975;287.09;;28.747.775;2.797.925;289.17;2.903.395;279.545;2.797.525;286.975;280.63;282.95
13/05/2005;2.912.475;28.179.999.999.999.900;273.735;287.635;28.392.499.999.999.900;288.016;277.5;287.16;291.845;27.811.749.999.999.900;2.799.075;2.866.675;2.810.815;28.292.749.999.999.900
14/05/2005;292.78;280.97;27.411.749.999.999.900;2.880.425;28.423.999.999.999.900;28.778.125;2.767.975;287.96;290.443;283.525;28.104.999.999.999.900;2.869.775;28.119.674.999.999.900;2.832.625
15/05/2005;2.950.075;278.985;272.245;2.827.175;2.812.025;28.829.825;2.799.475;287.02;28.692.875;28.374.249.999.999.900;2.810.075;285.935;28.131.075;283.535
16/05/2005;2.951.725;2.824.175;277.405;283.795;2.808.875;28.844.025;284.215;285.2;285.822;2.810.975;280.625;285.78;281.402;2.835.475
17/05/2005;2.952.775;2.857.825;28.148.749.999.999.900;2.851.625;282.53;28.843.275;286.67;285.14;2.869.325;2.847.325;2.816.325;2.863.325;28.136.499.999.999.900;283.455
18/05/2005;29.467.749.999.999.900;28.686.749.999.999.900;27.874.249.999.999.900;2.864.125;2.836.375;2.884.075;288.215;286.01;288.125;28.123.749.999.999.900;280.04;2.860.625;2.811.345;283.23
19/05/2005;29.524.249.999.999.900;287.005;2.779.725;2.913.075;286.21;28.828.074.999.999.900;284.545;287.27;29.062.449.999.999.900;2.793.575;2.798.575;284.85;279.826;2.831.225
20/05/2005;29.711.249.999.999.900;288.185;2.806.425;2.881.025;283.98;28.883.525;286.57;288.39;292.067;280.105;28.098.999.999.999.900;2.864.375;27.923.225;283.495
21/05/2005;299.155;288.98;2.846.975;284.875;28.167.499.999.999.900;2.888.935;288.605;287.64;289.887;284.345;2.825.275;287.26;27.980.675;284.21
22/05/2005;29.973.999.999.999.900;2.868.875;2.783.125;288.395;28.330.499.999.999.900;28.856.075;2.839.225;287.69;2.906.545;2.866.875;283.59;28.680.249.999.999.900;280.811;284.83
23/05/2005;2.997.875;2.861.875;281.085;2.872.175;283.27;28.828.824.999.999.900;289.79;28.817.999.999.999.900;2.909.165;28.761.499.999.999.900;283.885;28.549.249.999.999.900;28.138.525;285.1
24/05/2005;2.987.325;288.91;2.814.125;2.873.875;283.755;28.894.025;2.862.625;287.94;2.906.065;2.849.825;2.829.675;28.486.749.999.999.900;28.142.525;2.850.375
25/05/2005;299.95;2.890.975;277.715;286.63;283.5;28.875.199.999.999.900;28.573.749.999.999.900;287.32;2.896.105;284.325;283.5;286.575;2.812.205;28.480.249.999.999.900
26/05/2005;295.585;286.125;276.53;28.749.249.999.999.900;;28.836.175;2.846.075;28.698.999.999.999.900;2.896.845;2.856.675;284.885;288.295;28.139.475;285.445
27/05/2005;29.342.999.999.999.900;285.69;276.42;2.871.575;283.815;28.851.475;28.367.749.999.999.900;287.6;2.890.155;2.869.675;286.23;28.917.749.999.999.900;28.148.625;2.862.025
28/05/2005;290.98;284.92;274.9;2.880.575;;2.887.455;282.53;28.754.999.999.999.900;2.879.345;2.878.975;28.754.999.999.999.900;289.325;28.205.575;2.867.175
29/05/2005;2.899.025;286.28;2.751.725;2.857.175;2.832.475;28.878.275;2.830.725;287.26;289.519;2.904.325;288.61;2.881.525;28.241.375;2.870.975
30/05/2005;291.565;284.53;;2.899.375;;288.509;2.833.875;287.71;290.679;2.898.825;287.42;288.645;2.824.855;2.867.775
31/05/2005;292.78;2.875.625;276.035;2.885.475;285.33;2.889.785;2.863.175;287.84;2.911.145;287.155;2.851.575;286.635;28.295.325;286.0
01/06/2005;29.454.999.999.999.900;2.875.375;276.465;290.255;286.4;2.887.915;2.852.725;28.848.999.999.999.900;2.906.325;2.830.775;2.836.225;2.868.575;283.296;2.857.725
02/06/2005;29.729.999.999.999.900;28.842.999.999.999.900;2.775.725;2.921.925;2.872.825;28.895.725;287.075;288.85;290.761;2.823.125;2.832.075;2.875.575;28.340.599.999.999.900;2.857.925
03/06/2005;2.935.825;28.967.749.999.999.900;2.773.875;290.975;2.856.425;288.839;2.860.825;288.4;2.913.295;2.845.125;284.565;2.887.575;28.241.975;285.975
04/06/2005;2.948.575;289.375;280.515;290.19;285.51;28.905.925;2.851.025;289.29;292.793;2.885.225;2.859.975;2.878.525;28.301.475;28.648.749.999.999.900
05/06/2005;295.62;2.891.505;27.979.999.999.999.900;29.567.749.999.999.900;28.942.274.999.999.900;2.899.125;2.886.025;290.42;29.389.575;2.869.325;28.461.249.999.999.900;2.864.425;2.835.215;28.629.999.999.999.900
06/06/2005;29.636.749.999.999.900;2.879.725;2.801.725;2.943.975;28.936.275;2.905.195;2.878.125;291.4;292.496;2.868.575;2.841.375;2.865.275;2.838.005;286.395
07/06/2005;2.962.725;2.921.375;281.745;2.946.675;289.63;29.102.124.999.999.900;2.889.975;291.66;293.262;284.625;2.826.725;2.874.825;28.343.825;286.14
08/06/2005;2.954.375;2.917.025;27.755.249.999.999.900;295.695;290.32;291.563;289.48;292.09;2.928.305;283.915;2.819.475;2.873.225;28.220.149.999.999.900;2.858.425
09/06/2005;295.955;290.225;280.825;2.952.875;;29.095.025;2.859.225;29.229.999.999.999.900;2.924.365;2.839.575;2.822.775;2.870.775;280.088;28.574.249.999.999.900
10/06/2005;29.605.249.999.999.900;2.892.625;276.4;297.92;291.465;2.912.175;287.015;292.52;2.936.455;2.825.675;2.829.625;287.42;279.269;285.82
11/06/2005;29.711.249.999.999.900;2.901.925;28.098.999.999.999.900;295.205;289.515;291.489;2.862.025;292.45;29.279.049.999.999.900;28.542.749.999.999.900;2.830.675;2.871.825;2.792.275;285.815
12/06/2005;2.969.675;2.889.125;;294.755;288.685;29.207.425;287.755;292.42;293.171;2.819.475;2.818.225;288.27;27.956.275;2.855.775
13/06/2005;296.7;291.415;2.817.925;29.336.749.999.999.900;287.905;29.208.425;2.908.925;29.267.999.999.999.900;2.940.305;282.605;2.821.625;2.889.475;28.032.475;2.854.175
14/06/2005;2.985.875;290.905;279.725;2.932.775;2.872.625;29.299.024.999.999.900;289.825;293.04;293.58;2.819.775;283.085;2.887.325;2.815.485;285.57
15/06/2005;2.996.025;2.907.525;2.801.075;291.88;28.636.499.999.999.900;293.452;28.889.025;292.34;29.235.125;287.06;284.275;2.869.825;28.205.025;2.859.175
16/06/2005;299.725;290.09;2.838.475;2.907.075;285.7;29.351.625;292.88;291.89;291.168;285.77;285.515;2.885.875;281.852;286.275
17/06/2005;2.985.675;290.9;283.81;290.265;285.755;29.317.925;2.942.475;290.42;29.271.849.999.999.900;287.995;2.861.325;2.896.975;28.250.199.999.999.900;2.866.425
18/06/2005;297.265;291.48;2.880.275;2.901.425;285.755;2.924.335;294.19;28.992.999.999.999.900;2.919.525;289.59;28.642.499.999.999.900;291.255;283.08;286.95
19/06/2005;2.977.875;292.905;287.66;290.475;285.79;292.0;292.97;289.521;292.003;28.511.499.999.999.900;2.857.725;292.23;28.339.374.999.999.900;287.28
20/06/2005;296.745;2.941.675;2.900.825;291.695;286.89;291.605;2.926.425;289.9;2.921.725;2.861.225;2.867.825;2.911.975;28.371.124.999.999.900;2.876.625
21/06/2005;3.000.475;294.03;;29.336.749.999.999.900;288.22;29.166.425;;290.53;2.928.345;286.6;287.605;290.705;2.837.005;2.881.975
22/06/2005;3.002.275;29.361.499.999.999.900;2.875.125;295.41;28.967.499.999.999.900;29.121.425;;29.123.999.999.999.900;2.937.555;2.906.825;288.565;2.908.275;28.343.825;288.245
23/06/2005;3.003.325;2.955.875;288.79;2.954.025;289.595;29.058.025;;291.4;2.952.155;2.865.375;2.872.575;2.925.375;28.379.774.999.999.900;288.17
24/06/2005;297.66;29.554.999.999.999.900;285.78;297.585;29.111.749.999.999.900;29.144.525;;29.198.999.999.999.900;295.59;28.780.249.999.999.900;28.805.249.999.999.900;2.926.725;28.505.499.999.999.900;288.505
25/06/2005;296.915;293.025;28.542.499.999.999.900;2.984.525;29.198.749.999.999.900;29.119.775;;292.89;2.956.115;2.895.975;2.893.125;2.923.725;2.855.295;289.08
26/06/2005;2.977.025;2.939.725;286.595;29.811.749.999.999.900;291.72;292.075;292.545;293.39;295.976;291.77;2.889.475;293.205;286.003;28.873.999.999.999.900
27/06/2005;298.695;2.950.025;2.846.675;2.989.675;292.17;2.921.825;2.915.475;293.57;295.885;288.135;287.765;292.79;2.862.125;28.861.249.999.999.900
28/06/2005;3.002.925;2.949.325;283.6;299.045;29.236.249.999.999.900;291.77;2.910.375;293.53;295.293;2.890.675;288.1;292.975;286.536;288.52
29/06/2005;3.001.425;2.955.575;2.869.325;297.095;290.815;29.139.675;2.913.875;293.31;296.097;2.870.775;2.878.525;2.923.125;286.825;28.842.499.999.999.900
30/06/2005;300.7;293.295;282.2;29.854.999.999.999.900;29.173.999.999.999.900;292.414;2.897.575;293.65;2.969.245;2.893.075;2.875.675;2.904.325;28.706.525;288.465
01/07/2005;300.65;2.911.425;2.812.925;295.7;289.76;29.358.275;2.894.775;293.97;295.053;288.735;286.955;28.942.999.999.999.900;28.669.125;2.884.725
02/07/2005;301.57;291.91;283.975;2.933.575;2.877.725;2.938.765;29.186.249.999.999.900;292.76;293.35;2.890.175;2.866.925;2.888.925;285.673;2.883.075
03/07/2005;302.27;2.940.175;2.847.175;293.07;2.879.375;29.386.974.999.999.900;291.09;291.75;29.287.875;2.896.275;287.575;290.84;285.008;2.883.075
04/07/2005;30.267.999.999.999.900;292.23;282.825;2.960.875;289.985;29.379.975;2.901.925;292.26;2.950.255;288.98;288.44;291.69;28.487.175;288.885
05/07/2005;3.016.275;2.919.675;2.814.375;295.31;289.755;29.404.549.999.999.900;2.914.825;293.12;2.938.325;289.755;287.715;2.895.925;28.497.375;288.835
06/07/2005;302.15;292.27;2.835.625;2.935.575;2.880.625;29.431.775;2.935.575;292.51;293.766;286.08;285.745;290.539;28.506.875;288.405
07/07/2005;302.645;293.565;286.085;29.498.999.999.999.900;2.956.025;294.375;296.11;292.65;2.942.385;287.895;2.859.425;2.897.105;285.229;2.881.975
08/07/2005;299.12;2.950.025;2.847.775;2.952.325;2.960.275;29.457.325;29.561.749.999.999.900;292.63;294.442;28.417.749.999.999.900;285.01;2.896.265;28.476.575;288.185
09/07/2005;301.4;295.02;2.857.625;294.39;295.54;294.384;2.974.575;292.4;295.012;284.315;285.09;28.918.325;284.405;28.792.749.999.999.900
10/07/2005;301.56;296.12;28.897.775;2.949.775;295.915;294.336;297.515;292.37;2.955.075;287.595;286.225;28.944.424.999.999.900;2.841.605;2.881.075
11/07/2005;300.94;295.595;286.5;2.955.925;2.964.375;29.442.999.999.999.900;290.875;292.46;2.958.035;2.876.325;287.595;29.118.625;283.989;28.886.249.999.999.900
12/07/2005;3.006.425;294.69;284.645;2.952.525;295.775;294.536;2.923.175;293.01;294.807;287.98;288.08;29.227.075;283.592;2.891.275
13/07/2005;3.049.825;2.949.675;2.869.125;2.959.075;2.960.475;29.485.425;;292.46;294.464;2.885.625;288.895;292.387;28.365.675;289.405
14/07/2005;2.999.975;2.945.475;290.235;295.695;295.7;29.486.749.999.999.900;2.957.525;29.254.999.999.999.900;295.239;29.042.749.999.999.900;289.31;29.309.475;28.353.074.999.999.900;2.894.625
15/07/2005;30.205.499.999.999.900;29.530.499.999.999.900;2.865.925;2.963.425;;29.480.475;29.198.749.999.999.900;293.11;2.961.025;28.867.499.999.999.900;289.465;293.797;28.378.125;289.59
16/07/2005;3.026.425;2.964.225;288.72;2.960.175;2.959.175;29.485.125;29.461.499.999.999.900;29.373.999.999.999.900;2.959.795;290.54;2.889.325;292.235;2.844.915;28.955.499.999.999.900
17/07/2005;2.971.875;296.91;2.891.575;2.974.175;2.970.875;29.498.325;2.939.075;294.15;29.713.312.499.999.900;288.48;288.25;291.89;285.004;2.891.875
18/07/2005;298.075;2.932.225;281.355;297.735;297.595;295.117;2.901.475;294.7;297.929.375;287.47;2.876.525;291.65;285.378;2.889.175
19/07/2005;30.123.999.999.999.900;2.930.375;285.635;2.961.575;296.01;2.952.615;292.275;29.467.999.999.999.900;296.693;292.03;2.886.875;291.165;28.592.775;289.125
20/07/2005;2.995.875;29.536.499.999.999.900;;295.885;295.88;2.955.545;2.938.325;29.467.999.999.999.900;29.779.833.325;2.863.475;287.575;28.917.749.999.999.900;28.593.474.999.999.900;289.0
21/07/2005;297.47;29.605.499.999.999.900;2.877.575;297.16;296.86;29.572.725;293.26;29.542.999.999.999.900;29.887.041.675;2.845.425;285.225;290.12;28.595.775;288.685
22/07/2005;2.990.925;29.611.249.999.999.900;;297.09;296.825;29.589.975;293.495;294.85;29.790.099.999.999.900;2.865.825;285.785;2.909.425;2.856.635;2.883.475
23/07/2005;298.035;297.51;;2.964.225;2.962.125;29.595.624.999.999.900;294.165;294.84;29.986.249.999.999.900;28.579.999.999.999.900;2.851.275;289.475;28.535.375;28.817.999.999.999.900
24/07/2005;29.473.749.999.999.900;2.986.225;28.867.749.999.999.900;297.715;29.742.749.999.999.900;29.582.075;29.348.749.999.999.900;295.27;2.971.805;285.69;2.851.375;2.903.775;28.524.025;288.28
25/07/2005;2.948.375;29.555.249.999.999.900;2.862.825;2.993.775;2.988.875;29.541.425;2.958.175;296.33;298.037.625;290.225;286.795;291.795;2.853.995;288.455
26/07/2005;2.945.925;292.575;2.835.125;29.955.499.999.999.900;298.89;295.671;28.817.749.999.999.900;296.76;29.871.645.825;2.902.875;2.874.525;29.042.749.999.999.900;28.601.325;288.685
27/07/2005;29.679.999.999.999.900;2.887.525;277.605;2.954.775;2.960.125;2.958.865;2.905.175;296.26;2.945.115;289.31;2.871.525;2.927.825;285.828;288.54
28/07/2005;297.035;291.19;;292.035;29.304.999.999.999.900;29.608.075;2.902.875;293.29;2.925.505;293.045;289.17;2.930.575;286.193;2.886.575
29/07/2005;2.995.025;2.926.425;;2.905.275;2.912.825;2.959.905;29.261.749.999.999.900;292.64;292.516;294.145;290.45;292.705;28.677.325;28.948.999.999.999.900
30/07/2005;2.974.625;29.454.999.999.999.900;2.872.825;2.930.775;2.932.125;295.217;294.72;292.83;2.940.905;293.155;2.903.375;290.195;28.730.025;289.76
31/07/2005;295.165;293.665;;293.725;293.895;29.537.525;294.995;293.4;2.946.765;2.885.375;28.848.749.999.999.900;289.265;2.871.085;289.57
01/08/2005;2.944.475;295.155;;294.34;2.945.175;29.523.524.999.999.900;296.455;293.87;295.701;286.765;2.877.325;2.892.625;2.868.335;28.905.249.999.999.900
02/08/2005;294.82;2.965.825;;2.955.175;295.25;2.953.115;298.535;294.51;296.736.875;2.859.525;2.870.925;289.105;28.681.425;2.889.475
03/08/2005;2.927.475;297.455;2.879.075;2.962.825;2.961.025;2.953.635;296.125;294.88;29.792.625;2.893.575;2.871.625;2.888.325;286.745;2.886.725
04/08/2005;294.4;294.845;2.815.075;297.57;2.969.975;29.558.399.999.999.900;2.887.975;294.91;29.871.124.999.999.900;2.869.375;2.868.225;2.887.025;28.528.375;28.867.499.999.999.900
05/08/2005;295.515;2.910.675;;296.635;296.5;2.955.865;289.78;295.32;2.970.085;285.655;2.862.475;28.929.999.999.999.900;28.468.075;2.885.375
06/08/2005;297.2;2.930.425;285.985;2.945.975;2.946.625;295.566;2.929.375;294.63;2.951.265;2.882.575;286.465;289.625;283.628;288.31
07/08/2005;2.973.175;29.411.499.999.999.900;2.862.775;2.939.025;294.06;295.469;294.905;294.56;295.931;2.848.075;28.473.999.999.999.900;28.961.749.999.999.900;28.432.525;2.880.725
08/08/2005;296.505;29.642.499.999.999.900;2.857.175;2.958.425;295.775;2.951.845;;294.94;2.961.355;28.436.499.999.999.900;283.895;290.435;28.438.225;287.95
09/08/2005;2.963.925;2.969.525;289.785;2.961.925;295.885;295.186;294.905;294.82;29.733.124.999.999.900;2.861.325;2.846.525;290.275;283.867;288.04
10/08/2005;294.62;2.942.325;28.561.499.999.999.900;2.971.875;2.969.425;29.533.975;2.938.525;295.07;2.985.675;283.685;2.845.275;291.08;284.1;2.880.175
11/08/2005;293.035;295.4;2.856.375;2.971.825;296.815;29.549.525;290.705;295.28;29.849.225;284.16;2.845.075;2.917.475;28.477.275;287.935
12/08/2005;2.964.575;293.255;28.411.499.999.999.900;2.981.075;;29.575.275;287.345;295.51;298.623.875;287.48;2.855.375;2.909.075;28.531.825;288.065
13/08/2005;2.957.675;291.39;2.813.925;2.973.325;297.545;29.578.875;2.859.225;295.53;29.565.599.999.999.900;286.96;2.859.625;2.900.125;28.537.625;287.88
14/08/2005;2.934.125;2.879.625;281.645;2.957.125;296.21;29.596.625;2.863.375;294.79;294.624;28.611.749.999.999.900;285.435;2.895.625;2.852.325;2.880.225
15/08/2005;291.185;289.77;2.807.175;29.373.999.999.999.900;;29.610.675;288.775;294.61;2.933.155;285.73;2.853.075;289.065;2.851.885;288.235
16/08/2005;2.946.475;291.565;28.373.749.999.999.900;29.361.749.999.999.900;2.940.025;29.621.849.999.999.900;291.795;29.448.999.999.999.900;2.940.365;2.852.075;285.81;28.986.249.999.999.900;28.437.425;288.145
17/08/2005;297.47;293.6;287.945;2.934.725;29.380.499.999.999.900;29.631.325;2.926.375;294.01;2.942.615;2.863.125;286.075;290.62;28.345.775;2.882.575
18/08/2005;295.7;290.94;2.829.625;295.775;;296.058;292.4;294.42;29.530.362.499.999.900;2.867.325;286.525;2.917.475;28.383.475;2.883.775
19/08/2005;2.958.425;293.205;284.25;295.17;2.950.925;295.747;288.65;295.36;2.972.875;288.105;2.877.475;2.902.875;28.465.349.999.999.900;2.888.175
20/08/2005;297.375;2.919.175;2.811.975;2.968.225;296.78;29.600.325;2.857.625;295.96;2.972.875;2.905.075;28.867.999.999.999.900;289.32;28.473.225;289.06
21/08/2005;2.984.475;2.912.625;28.355.249.999.999.900;295.735;;29.638.775;2.890.425;29.592.999.999.999.900;29.637.449.999.999.900;2.895.975;287.825;288.785;28.491.525;288.985
22/08/2005;299.69;2.911.575;28.529.999.999.999.900;295.85;2.960.275;29.656.075;291.58;295.01;296.905;289.39;2.882.675;288.28;28.377.025;2.890.575
23/08/2005;299.42;2.912.025;284.67;2.921.325;2.930.275;29.620.325;294.295;293.81;2.952.885;290.92;288.575;2.901.975;28.288.125;28.892.499.999.999.900
24/08/2005;294.57;2.921.625;283.33;2.910.125;291.815;29.602.124.999.999.900;292.78;292.47;2.934.965;2.877.925;2.871.825;2.879.525;283.17;288.595
25/08/2005;2.949.975;292.975;2.848.175;2.922.925;292.705;2.958.165;2.880.825;292.41;294.577;2.882.025;287.23;2.882.625;2.831.765;288.435
26/08/2005;2.970.775;2.931.725;2.795.575;2.948.575;294.22;295.411;287.045;293.39;2.951.825;2.856.425;2.861.675;2.885.925;2.838.535;2.883.575
27/08/2005;2.978.075;291.195;2.807.175;2.953.175;2.947.725;29.483.825;285.86;293.86;295.276.875;2.865.225;2.853.475;2.889.975;28.423.725;28.811.499.999.999.900
28/08/2005;2.982.725;290.58;2.817.925;292.0;2.923.975;294.992;28.886.775;293.6;2.950.635;285.22;285.665;289.995;2.848.395;2.882.125
29/08/2005;298.735;2.905.325;282.375;2.940.475;29.430.249.999.999.900;29.507.174.999.999.900;2.903.925;294.02;29.442.499.999.999.900;28.680.499.999.999.900;286.59;2.900.625;28.479.049.999.999.900;2.882.875
30/08/2005;2.995.425;2.923.075;2.853.075;29.355.249.999.999.900;29.411.249.999.999.900;295.344;2.932.125;294.07;294.748.125;28.792.999.999.999.900;2.877.925;2.910.175;285.063;288.455
31/08/2005;300.38;29.317.999.999.999.900;280.71;292.2;29.304.999.999.999.900;295.716;289.535;293.29;29.379.020.849.999.900;2.888.525;28.829.999.999.999.900;29.198.999.999.999.900;28.501.825;28.848.749.999.999.900
01/09/2005;299.745;289.815;2.785.725;290.915;29.180.249.999.999.900;295.719;285.96;293.1;294.421.875;289.9;2.890.775;2.914.575;2.850.365;2.889.325
02/09/2005;294.375;289.655;2.818.475;28.964.275;2.911.075;2.953.005;2.878.375;293.13;293.136;29.361.499.999.999.900;28.992.749.999.999.900;2.911.425;28.517.425;2.890.825
03/09/2005;295.845;291.445;2.849.425;28.911.525;2.907.675;29.494.175;2.915.825;292.7;2.932.765;2.895.075;2.889.025;2.917.675;28.577.275;2.890.925
04/09/2005;295.185;293.86;286.53;290.57;2.918.425;29.467.499.999.999.900;292.63;292.26;293.465;2.907.575;2.882.125;2.933.375;285.63;28.899.249.999.999.900
05/09/2005;297.075;294.52;2.862.275;2.918.725;292.81;294.332;294.61;29.229.999.999.999.900;29.369.062.499.999.900;286.88;2.878.175;2.908.575;2.849.915;288.905
06/09/2005;297.165;293.32;2.836.275;291.72;2.929.575;294.054;2.871.275;292.17;29.338.062.499.999.900;2.864.175;28.798.999.999.999.900;2.895.625;28.379.425;28.898.749.999.999.900
07/09/2005;2.976.275;292.895;282.455;293.405;2.943.175;29.395.325;2.865.775;292.27;29.390.875;2.885.975;289.595;2.890.125;284.072;2.890.925
08/09/2005;2.978.425;292.795;2.842.075;2.938.825;294.685;293.813;2.896.475;29.273.999.999.999.900;29.428.687.499.999.900;28.942.749.999.999.900;2.900.275;2.896.475;28.413.525;289.15
09/09/2005;2.940.625;2.935.675;286.4;2.942.525;2.952.625;29.360.375;289.95;293.59;29.496.283.325;289.875;2.904.525;2.905.425;2.847.625;2.892.125
10/09/2005;293.165;2.938.325;2.852.925;294.335;295.57;29.333.075;293.95;294.09;2.950.725;292.205;290.67;29.074.249.999.999.900;28.486.825;289.435
11/09/2005;294.76;2.941.425;282.37;29.542.499.999.999.900;2.965.125;29.329.825;2.877.775;293.95;294.826.875;2.916.325;2.904.775;2.895.275;28.493.575;2.895.425
12/09/2005;2.955.925;294.455;284.505;2.947.075;296.335;293.191;284.065;293.53;294.535;2.907.975;289.315;2.883.075;28.492.175;2.893.775
13/09/2005;293.755;292.935;27.861.499.999.999.900;2.942.025;2.961.525;293.296;28.836.749.999.999.900;29.348.999.999.999.900;2.947.825;2.892.825;2.880.575;289.77;28.431.199.999.999.900;289.195
14/09/2005;2.940.125;2.892.875;276.215;29.624.249.999.999.900;297.6;29.362.125;285.1;293.61;293.611.875;2.847.275;286.61;289.71;28.429.475;288.77
15/09/2005;2.927.825;2.904.125;2.768.825;2.924.175;;293.976;2.867.925;293.62;29.199.025;28.842.749.999.999.900;287.87;289.485;28.377.374.999.999.900;288.61
16/09/2005;294.585;2.906.925;278.69;291.79;;29.435.475;288.33;293.25;290.619;289.48;288.345;28.911.249.999.999.900;28.375.875;2.884.225
17/09/2005;296.625;290.91;280.645;2.875.225;;294.367;2.875.625;291.91;29.012.449.999.999.900;28.173.749.999.999.900;2.845.325;2.895.225;28.410.074.999.999.900;2.879.525
18/09/2005;2.965.175;289.85;;28.941.025;;29.438.199.999.999.900;2.855.025;291.54;291.16;2.798.725;2.833.225;2.867.875;283.957;2.875.075
19/09/2005;2.968.375;2.910.725;27.799.249.999.999.900;2.920.225;;29.431.025;2.836.825;291.6;2.936.925;2.795.875;283.255;28.705.499.999.999.900;283.976;2.871.375
20/09/2005;2.934.775;29.011.499.999.999.900;278.01;293.355;2.943.825;29.442.325;284.655;29.223.999.999.999.900;29.385.875;279.46;2.836.725;287.388;28.375.625;286.96
21/09/2005;2.964.975;290.225;2.814.175;291.64;;294.59;288.33;292.19;29.322.583.325;2.806.325;2.840.425;2.876.545;2.828.345;2.868.325
22/09/2005;296.81;2.912.175;2.812.975;2.925.425;293.65;294.511;28.424.249.999.999.900;292.26;2.949.695;280.44;2.844.325;28.675.125;2.826.035;2.867.575
23/09/2005;2.961.725;287.945;2.788.175;294.105;295.12;2.943.645;286.395;294.02;295.094.375;2.810.825;284.895;2.871.075;28.227.374.999.999.900;286.83
24/09/2005;2.965.775;290.225;280.14;291.395;292.25;2.944.255;2.837.975;292.96;29.344.125;283.39;286.065;2.876.425;28.224.225;286.85
25/09/2005;2.968.775;2.899.425;278.845;294.45;2.948.925;294.33;2.847.525;294.06;2.952.315;283.515;286.565;2.884.025;28.271.599.999.999.900;2.870.875
26/09/2005;2.968.925;2.884.625;2.775.075;2.933.725;293.915;2.943.815;282.335;292.94;2.941.375;2.847.875;2.870.475;28.724.249.999.999.900;282.48;287.19
27/09/2005;2.978.775;287.73;27.898.749.999.999.900;2.902.725;291.745;294.38;2.835.625;292.37;291.183;2.847.025;2.859.325;28.723.749.999.999.900;2.825.215;287.11
28/09/2005;298.16;288.795;277.47;28.907.525;290.685;294.182;279.97;291.23;290.62;2.864.975;2.863.175;288.29;2.828.715;287.085
29/09/2005;29.792.749.999.999.900;283.9;276.095;28.617.999.999.999.900;2.881.575;29.364.775;2.814.075;290.73;288.475;284.095;2.846.375;287.73;282.926;286.98
30/09/2005;295.6;286.42;2.790.475;28.324.249.999.999.900;285.735;29.350.125;2.864.425;287.69;28.656.583.325;281.81;28.361.249.999.999.900;287.015;28.287.825;286.685
01/10/2005;294.4;2.875.125;2.809.125;28.555.249.999.999.900;2.874.125;29.282.174.999.999.900;2.883.225;288.08;28.861.166.675;2.834.125;283.94;2.879.975;281.47;2.865.225
02/10/2005;2.980.275;28.948.524.999.999.900;284.335;2.879.175;28.924.249.999.999.900;29.284.324.999.999.900;288.645;289.88;2.905.275;2.840.725;28.398.999.999.999.900;287.325;28.048.274.999.999.900;2.866.475
03/10/2005;296.565;2.898.725;2.786.325;292.995;293.375;29.268.175;281.585;291.75;293.57;282.83;283.535;2.858.825;28.145.075;286.31
04/10/2005;2.960.275;289.188;277.155;293.52;2.941.075;29.258.425;279.505;292.62;294.1;284.9;284.08;285.315;2.810.755;286.03
05/10/2005;2.956.275;286.94;2.739.375;293.07;294.135;29.276.399.999.999.900;278.015;292.69;29.405.166.675;2.844.775;285.145;2.865.625;28.074.525;2.859.575
06/10/2005;296.915;283.135;2.744.425;2.917.275;2.933.425;293.177;2.731.225;292.41;2.902.775;2.852.175;2.849.125;28.786.499.999.999.900;28.100.175;2.862.025
07/10/2005;293.94;282.385;273.63;2.832.625;288.465;293.619;2.763.175;289.39;2.858.925;283.715;285.065;286.545;281.111;286.285
08/10/2005;295.215;2.824.225;2.754.525;282.875;2.870.575;29.420.275;276.51;287.62;28.528.375;2.813.825;28.474.249.999.999.900;286.695;28.105.775;2.862.875
09/10/2005;294.65;2.831.325;277.64;281.315;286.065;29.430.875;281.435;286.47;28.504.875;281.895;285.37;287.625;28.094.674.999.999.900;28.624.249.999.999.900
10/10/2005;290.75;2.826.575;275.64;2.838.275;287.505;293.197;276.575;287.22;2.852.758.335;282.145;284.81;28.723.749.999.999.900;2.810.515;2.862.325
11/10/2005;28.854.025;2.831.425;27.567.499.999.999.900;286.695;288.935;29.262.699.999.999.900;277.85;287.6;28.646.250.024.999.900;280.905;2.842.875;2.890.025;2.810.515;2.863.775
12/10/2005;28.851.775;285.19;2.779.675;2.854.575;288.085;2.925.495;2.814.575;288.04;28.735.458.325;2.793.725;2.839.725;2.892.875;28.093.925;286.37
13/10/2005;2.903.325;285.545;2.733.525;2.856.975;2.883.525;292.146;2.759.675;289.12;28.859.833.325;27.861.249.999.999.900;2.833.725;289.48;2.810.515;2.863.825
14/10/2005;290.205;284.185;2.764.375;2.852.025;2.878.725;291.949;280.92;289.47;28.746.833.325;278.375;2.832.825;2.890.275;2.810.515;28.636.249.999.999.900
15/10/2005;286.23;282.775;2.769.375;285.78;2.880.875;2.917.565;279.25;288.75;28.859.166.675;278.11;2.837.075;2.888.825;28.093.925;286.435
16/10/2005;2.869.675;28.323.999.999.999.900;;;;2.914.115;;287.13;286.515;2.788.075;283.1;2.876.525;2.810.515;28.623.749.999.999.900
17/10/2005;2.869.325;2.860.075;278.935;2.826.225;2.858.575;29.047.549.999.999.900;281.48;28.654.999.999.999.900;28.721.083.324.999.900;2.803.525;281.375;2.870.075;2.810.515;285.875
18/10/2005;2.897.275;283.66;2.771.875;28.605.499.999.999.900;288.105;2.898.045;28.317.999.999.999.900;287.7;28.923.749.999.999.900;278.125;2.812.575;28.811.249.999.999.900;28.093.925;2.854.325
19/10/2005;288.09;2.839.775;2.756.075;2.859.075;287.1;29.038.174.999.999.900;2.765.175;287.54;28.930.249.999.999.900;2.746.325;27.886.749.999.999.900;287.92;2.810.515;2.851.525
20/10/2005;287.01;282.065;2.775.625;285.4;2.868.325;290.898;2.807.925;288.0;288.81;278.965;280.59;28.755.499.999.999.900;2.810.515;2.849.825
21/10/2005;288.655;2.833.125;276.42;2.832.325;284.36;291.367;2.789.775;286.14;2.879.716.665;283.735;2.826.075;288.34;280.797;285.165
22/10/2005;28.885.525;280.14;273.565;28.205.499.999.999.900;283.87;2.907.995;274.155;285.15;2.862.825;2.842.725;283.79;287.535;28.086.625;2.851.975
23/10/2005;288.53;2.798.425;2.706.625;281.0;2.832.975;29.056.224.999.999.900;271.15;285.16;28.463.166.675;2.851.925;284.45;287.98;2.808.635;28.530.499.999.999.900
24/10/2005;28.884.525;279.08;27.067.499.999.999.900;28.061.249.999.999.900;28.223.749.999.999.900;28.949.525;272.265;283.14;2.837.633.335;281.685;2.830.725;2.867.275;28.059.125;285.255
25/10/2005;2.876.525;27.830.499.999.999.900;273.915;2.806.875;281.995;28.857.275;2.750.725;283.1;28.335.833.325;2.836.925;2.833.225;2.873.525;280.774;2.852.125
26/10/2005;287.955;279.28;273.44;278.915;281.085;28.878.025;276.64;282.85;28.219.916.675;2.837.525;28.392.749.999.999.900;287.88;28.080.075;285.465
27/10/2005;28.717.999.999.999.900;2.790.825;2.741.025;2.813.925;282.835;288.369;2.774.325;283.21;2.833.133.335;2.804.475;283.98;28.798.999.999.999.900;28.059.125;28.554.999.999.999.900
28/10/2005;28.761.749.999.999.900;2.802.875;279.29;278.145;;287.797;2.770.575;282.67;28.264.999.975;280.91;284.71;28.892.749.999.999.900;280.774;2.856.725
29/10/2005;2.871.875;2.820.175;277.9;278.33;;28.738.025;278.355;282.21;28.311.666.649.999.900;279.695;284.605;2.893.075;28.080.075;285.86
30/10/2005;287.45;2.831.625;275.725;278.46;;2.869.365;276.78;28.248.999.999.999.900;28.402.249.974.999.900;2.793.975;28.386.749.999.999.900;2.888.875;28.059.125;286.06
31/10/2005;286.64;28.136.749.999.999.900;2.716.475;283.795;;28.684.075;2.751.825;283.62;28.489.125;278.575;2.836.375;2.895.375;280.774;286.105
01/11/2005;2.855.175;2.800.625;275.63;2.835.975;;2.869.595;278.735;285.02;28.424.666.675;280.125;2.831.925;287.435;28.080.075;2.861.875
02/11/2005;2.868.475;27.936.499.999.999.900;280.53;27.973.999.999.999.900;2.819.325;28.706.449.999.999.900;279.82;283.65;2.839.491.665;2.781.875;282.39;2.877.025;28.059.125;286.035
03/11/2005;2.872.725;280.45;2.739.025;2.822.275;2.833.225;28.714.825;276.25;284.16;28.523.625;282.63;2.832.225;2.875.425;28.059.125;285.715
04/11/2005;287.14;278.47;2.702.125;283.83;284.38;28.690.125;275.535;285.17;28.630.249.999.999.900;28.367.749.999.999.900;28.374.249.999.999.900;2.874.475;280.569;2.859.125
05/11/2005;2.873.975;278.945;2.728.475;2.868.525;2.867.525;28.720.874.999.999.900;2.743.875;286.33;28.696.375;283.95;2.838.125;2.855.975;28.059.324.999.999.900;285.88
06/11/2005;286.38;278.275;2.697.625;2.871.225;287.6;2.875.705;2.741.325;287.51;28.751.583.325;2.772.925;282.185;28.442.749.999.999.900;280.956;285.34
07/11/2005;2.867.825;2.786.375;272.79;2.804.675;;288.066;273.83;28.567.999.999.999.900;2.853.125;27.486.749.999.999.900;281.025;2.838.275;28.085.675;2.851.025
08/11/2005;2.869.775;27.942.999.999.999.900;27.523.749.999.999.900;2.842.275;;28.801.275;274.98;285.62;28.721.666.675;2.781.325;281.1;2.842.225;28.050.525;285.1
09/11/2005;288.0;2.801.575;269.91;2.889.825;;287.984;;287.28;288.97;2.756.325;2.809.475;28.530.499.999.999.900;2.802.115;285.01
10/11/2005;2.873.425;2.777.575;2.746.675;278.825;;2.884.735;2.746.975;285.67;285.717;276.16;280.98;283.245;280.07;2.847.825
11/11/2005;290.31;278.705;;2.774.625;;28.812.775;2.769.825;283.37;2.840.585;279.625;2.810.475;282.02;280.569;284.41
12/11/2005;285.36;279.815;;2.788.925;;2.871.195;278.485;283.32;2.852.115;278.73;2.810.475;281.6;280.071;28.467.999.999.999.900
13/11/2005;283.62;27.992.499.999.999.900;;2.829.625;;286.63;27.579.999.999.999.900;284.7;286.567.875;274.76;2.799.525;2.827.125;280.071;2.846.025
14/11/2005;283.355;277.84;2.726.075;2.777.025;;286.806;275.08;284.35;284.376;275.25;280.355;284.22;280.261;284.25
15/11/2005;2.850.325;279.095;272.225;2.808.375;;2.875.785;272.66;284.07;2.833.835;2.768.175;27.986.499.999.999.900;28.349.249.999.999.900;28.013.925;2.836.475
16/11/2005;2.845.075;2.752.925;271.915;278.235;;288.236;2.661.675;285.64;28.156.545;2.773.225;2.788.575;282.82;280.071;283.625
17/11/2005;282.53;273.435;2.729.125;273.51;;288.677;2.702.875;281.02;27.897.065;27.473.749.999.999.900;278.01;283.95;280.261;2.833.825
18/11/2005;2.829.775;2.740.175;27.292.499.999.999.900;2.739.225;;287.344;272.005;279.09;2.789.765;275.395;277.89;282.28;28.013.925;282.885
19/11/2005;2.803.825;275.785;274.335;274.325;;28.609.275;27.524.249.999.999.900;279.31;2.799.877;2.727.725;276.78;280.45;280.071;282.41
20/11/2005;2.816.525;27.649.249.999.999.900;274.385;275.14;;28.538.775;2.730.025;280.2;28.140.565;273.245;276.38;280.0;280.261;282.045
21/11/2005;27.929.999.999.999.900;27.705.249.999.999.900;274.275;27.792.499.999.999.900;;2.855.215;2.753.575;280.66;28.106.215;276.59;277.375;280.315;28.013.925;2.820.425
22/11/2005;27.998.749.999.999.900;27.630.249.999.999.900;274.15;27.611.749.999.999.900;;285.824;273.17;280.67;28.113.289.999.999.900;2.736.575;276.83;2.804.675;280.071;28.217.999.999.999.900
23/11/2005;28.148.749.999.999.900;277.525;274.4;275.51;;28.541.074.999.999.900;2.745.575;279.37;2.806.878;27.473.749.999.999.900;276.59;2.795.925;280.261;281.895
24/11/2005;284.505;276.345;27.454.999.999.999.900;2.772.975;;28.482.575;2.748.825;280.59;281.963;275.605;276.755;2.789.825;28.013.925;28.180.499.999.999.900
25/11/2005;282.21;27.461.249.999.999.900;274.325;272.35;;28.498.025;2.714.675;277.1;27.883.975;2.733.125;2.760.075;281.28;280.071;281.705
26/11/2005;282.535;27.423.749.999.999.900;274.155;273.135;;28.434.975;269.685;277.01;2.785.406;2.719.225;275.7;27.930.499.999.999.900;278.757;27.903.725
27/11/2005;284.62;2.749.375;2.742.825;27.899.249.999.999.900;;28.376.874.999.999.900;27.236.749.999.999.900;279.42;282.266;2.711.225;2.751.525;278.7;277.186;2.791.505
28/11/2005;276.905;2.761.275;272.63;284.59;;28.361.775;27.249.249.999.999.900;281.44;2.839.675;2.723.425;2.754.175;278.95;2.756.825;2.793.125
29/11/2005;27.698.749.999.999.900;274.475;27.192.749.999.999.900;27.786.249.999.999.900;;2.847.175;2.726.025;282.52;27.986.685;272.845;2.757.175;2.801.925;2.742.455;27.938.925
30/11/2005;28.011.249.999.999.900;2.739.325;271.54;27.436.749.999.999.900;;28.630.525;272.32;279.58;27.869.275;2.725.975;275.82;2.786.725;2.742.325;27.931.075
01/12/2005;280.65;2.739.475;270.995;2.741.675;;2.859.135;27.098.749.999.999.900;27.873.999.999.999.900;2.786.358;2.728.175;275.82;2.803.125;2.742.195;279.238
02/12/2005;2.816.025;274.04;2.708.825;2.743.425;;2.853.475;2.699.375;277.69;2.773.113;269.985;2.748.325;2.812.775;2.742.455;279.134
03/12/2005;2.828.325;273.9;2.708.825;2.742.925;;28.466.425;270.525;276.82;27.699.485;271.645;2.745.875;28.161.749.999.999.900;2.742.325;279.009
04/12/2005;2.812.075;274.04;270.455;2.746.725;;2.841.795;27.042.999.999.999.900;277.53;27.704.135;272.92;27.524.249.999.999.900;2.821.375;2.742.195;27.879.299.999.999.900
05/12/2005;276.915;274.11;269.685;2.739.825;;284.792;269.25;277.12;2.761.579;2.757.675;276.815;282.095;2.742.455;27.953.074.999.999.900
06/12/2005;275.245;274.13;27.017.749.999.999.900;273.195;;283.736;2.685.975;276.39;27.520.786.675;274.825;276.88;2.810.925;2.742.325;27.986.499.999.999.900
07/12/2005;275.09;273.7;268.57;272.755;;28.323.425;2.677.025;275.67;2.744.237.915;273.285;276.385;279.945;2.742.195;2.800.435
08/12/2005;2.758.925;2.738.575;267.88;2.719.425;2.748.175;28.275.475;266.655;275.29;2.739.490.835;2.743.825;27.667.999.999.999.900;2.816.425;2.742.455;2.801.205
09/12/2005;276.73;273.965;27.036.499.999.999.900;273.25;274.82;2.824.495;268.4;275.53;2.745.788.125;274.855;27.648.749.999.999.900;280.87;2.742.325;27.992.525
10/12/2005;277.435;273.985;271.5;27.317.999.999.999.900;274.695;28.209.025;2.719.175;276.01;27.483.925;27.255.249.999.999.900;27.586.249.999.999.900;279.76;2.742.195;2.797.175
11/12/2005;2.808.125;274.085;2.718.475;273.395;2.747.725;281.854;272.945;276.42;27.542.704.999.999.900;272.825;2.745.725;2.787.025;2.742.455;2.793.075
12/12/2005;282.455;27.430.499.999.999.900;272.265;2.734.575;2.749.825;28.181.924.999.999.900;2.729.425;276.65;27.676.715;2.740.375;274.525;2.782.175;2.742.455;27.917.999.999.999.900
13/12/2005;284.97;274.455;2.724.525;;275.155;281.944;2.717.725;276.77;27.724.235;271.975;27.511.249.999.999.900;2.777.225;274.245;27.951.525
14/12/2005;279.095;274.855;271.96;;275.27;281.611;272.51;276.84;27.774.505;274.67;2.754.675;27.942.999.999.999.900;27.424.525;27.972.875
15/12/2005;2.781.825;27.442.749.999.999.900;2.719.975;;2.754.575;281.09;271.75;276.65;27.756.095;2.757.175;2.761.275;2.791.575;274.22;27.987.775
16/12/2005;2.802.175;273.88;2.718.475;2.740.325;275.335;2.805.205;269.54;276.41;2.767.124;276.525;276.38;280.19;27.419.375;280.03
17/12/2005;277.985;273.88;2.709.975;273.95;2.747.925;28.065.075;26.692.749.999.999.900;276.06;27.563.315;2.731.925;2.755.125;28.192.499.999.999.900;2.741.745;280.073
18/12/2005;278.005;273.84;2.702.475;273.935;2.745.825;28.080.625;2.642.125;275.84;27.555.114.999.999.900;272.91;275.375;2.805.025;27.414.374.999.999.900;27.950.924.999.999.900
19/12/2005;2.798.175;2.737.575;269.875;2.738.325;2.743.725;28.073.925;262.01;275.56;27.489.765;272.78;275.315;278.42;27.411.925;279.178
20/12/2005;278.125;273.7;2.705.025;2.736.625;2.738.175;280.616;2.617.725;27.498.999.999.999.900;273.782.625;273.08;275.225;2.780.875;274.104;27.915.574.999.999.900
21/12/2005;278.885;2.737.325;271.565;2.735.075;273.61;28.028.125;263.085;274.81;2.745.517;27.530.499.999.999.900;275.08;278.6;27.409.275;27.923.225
22/12/2005;279.445;2.737.575;272.73;273.335;273.515;27.998.025;26.792.749.999.999.900;274.84;2.748.707;2.746.825;2.750.125;278.215;274.089;27.941.425
23/12/2005;281.1;273.95;27.292.749.999.999.900;2.736.975;2.739.825;27.980.925;2.696.375;274.97;27.671.779.999.999.900;275.595;274.965;277.505;274.087;2.797.515
24/12/2005;2.814.225;274.01;272.995;273.7;274.065;27.991.325;2.723.275;275.92;2.783.538;2.773.075;2.755.425;277.06;274.082;279.982
25/12/2005;280.6;274.02;273.02;274.045;27.436.749.999.999.900;280.19;2.710.375;277.59;27.823.575;276.7;276.04;2.775.175;274.07;28.007.925
26/12/2005;28.230.249.999.999.900;2.740.325;273.035;2.742.075;27.511.249.999.999.900;2.809.565;271.765;276.4;2.777.056;273.285;274.785;278.135;2.740.595;2.797.275
27/12/2005;2.818.825;274.07;273.06;273.905;27.492.749.999.999.900;281.019;2.726.025;276.38;27.844.629.999.999.900;2.733.225;2.745.175;2.779.025;274.059;279.379
28/12/2005;2.807.575;274.095;273.08;279.61;27.898.749.999.999.900;28.101.225;;278.76;27.945.489.999.999.900;273.32;274.63;27.705.499.999.999.900;27.401.725;2.789.235
29/12/2005;281.165;274.135;273.105;2.755.425;2.764.975;2.814.615;;278.67;27.814.385;273.37;274.7;2.767.125;274.049;2.785.605
30/12/2005;2.798.825;27.417.499.999.999.900;2.731.625;2.758.375;276.605;2.818.115;;278.0;2.777.213;273.185;274.72;2.767.275;27.395.775;2.781.935
